Date,Team,Start Unit,End Unit,Leader,Walkers_Original,Walkers_Transliterated,PDA_Operator,Paper_Recorder,Data_Editor,Author,XLS_Source,PDF_Source,Extraction_Notes,QA_Notes
2009-03-03,B,,,Adela,"Bryan, Simon, Magda, Adela, Vera, Martin",,,,,Vera,,B_Summary04Mar-08Mar.pdf,,
2009-03-04,A,,,Julia T.,"YD, ED, PJ, SB, TD, JT",,,,,SB,,A_2009Summary.pdf,,
2009-03-04,D,,,Georgi Nehrizov,"Georgi N., Nadezhda, Lubomir M., Magda B.",,,,,Magda B.,,D_Summary.pdf,,
2009-03-04,C,,,Helena,"SR, CB, M, P",,,,,,,C_2009Summary.pdf,,
2009-03-06,A,,,Julia T.,"TD, SB, PJ, YD, JT",,,,,SB,,A_2009Summary.pdf,,
2009-03-06,B,,,Adela,"Bryan, Simon, Magda, Adela, Vera",,,,,Vera,,B_Summary04Mar-08Mar.pdf,,
2009-03-06,C,,,Elena,"Charlotte, Shawn, Pesho",,,,,"R.Z., CB",,C_2009Summary.pdf,,
2009-03-07,B,,,Adela,,,,,,Vera,,B_Summary04Mar-08Mar.pdf,,
2009-03-07,A,,,Julia,"Stacey, Tereza, Petra, Youlia",,,,,Tereza D.,,A_2009Summary.pdf,,
2009-03-07,D,,,Georgi Nehrizov,"Georgi N., Lubomir M., Nadezda K., Barbara O.",,,,,Barbara Klara Olujic,,D_Summary.pdf,,
2009-03-07,C,,,Elena,"Elena, Piotr, Shawn, Charlotte",,,,,Adela,,C_2009Summary.pdf,,
2009-03-08,A,,,Julia,"Petra, Tereza, Stacey, Yulia",,,,,Tereza,,A_2009Summary.pdf,,
2009-03-08,C,,,Acna,"Peter, Charlotte",,,,,Hun,,C_2009Summary.pdf,,
2009-03-09,B,,,Adela,"Bryan, Simon, Magda, Adela, Vera, Martin",,,,,Vera,,B_Summary09Mar-16Mar.pdf,,
2009-03-09,A,,,Julia,"Petra, Tereza, Stacey, Yulia, Timea",,,,,Tereza,,A_2009Summary.pdf,,
2009-03-09,C,,,Gena,"Charlotte, Peter",,,,,CB,,C_2009Summary.pdf,,
2009-03-11,C,,,Elena,"Thomas, Katerina, Peter",,,,,CB,,C_2009Summary.pdf,,
2009-03-11,A,,,Julia T.,"SB, YD, TD, PJ, JT, ED",,,,,Tereza D.,,A_2009Summary.pdf,,
2009-03-11,B,,,Adela,"Bryan, Magda, Adela, Vera, Martin",,,,,V.,,B_Summary09Mar-16Mar.pdf,,
2009-03-12,B,,,Adela,"Bryan, Magda, Adela, Tracy, Martin",,,,,V.,,B_Summary09Mar-16Mar.pdf,,
2009-03-12,A,,,Julia,"SB, TD, YD, JT",,,,,SB,,A_2009Summary.pdf,,
2009-03-12,C,,,Glena,"Charlotte, TE, Peter",,,,,CB,,C_2009Summary.pdf,,
2009-03-15,D,,,Georgi Nehrizov,"G.N., L.M., B.O., N.K.",,,,,Barbara Klara Olujic,,D_Summary.pdf,,
2009-03-15,A,,,Julie,"NuF, Brian, Bara W., Petra T., Stalna K.",,,,,Bara W.,,A_2009Summary.pdf,,
2009-03-16,C,,,Elena,"Thomas, Peter",,,,,CB,,C_2009Summary.pdf,,
2009-03-16,B,,,Adela Sobotkova,"Martin Mladenov, Ivana Klimova, Matyas Kucera, Tereza Blazkova",,,,,Tecero,,B_Summary09Mar-16Mar.pdf,,
2009-03-16,A,,,"Julia, Baba","Petra, Brian, Stana",,,,,Stana K.,,A_2009Summary.pdf,,
2009-03-19,C,,,Elena,"Elena, Charlotte, Baron, Olga",,,,,Katrina,,C_2009Summary.pdf,,
2009-03-19,D,,,Georgi Nehmzov,"G.N., Ntag, Egfa, B.O., Tomas",,,,,Barbara Klera Oluja,,D_Summary.pdf,,
2009-03-19,A,,,"Julia, Baba","Stana, Petra",,,,,Stana,,A_2009Summary.pdf,,
2009-03-19,B,,,Adela Sobotkova,"Matyas Kracik, Tereza Blazkova, Adela Sobotkova, Ivana Klimova, Martin Mladenov",,,,,Ivana Klimova,,B_Summary19Mar-24Mar.pdf,,
2009-03-20,D,,,Georgi Nelinzov,"B.N., B.O., Tomas",,,,,Barbara Kle Olujis,,D_Summary.pdf,,
2009-03-20,C,,,Elena,"Charlotte, Peter",,,,,,,C_2009Summary.pdf,,
2009-03-20,E,,,Shawn,"Brian, Zlatosy, Katrina, Culakova, Silvia, Eftimka",,,,,Katarina,,E_Summary.pdf,,
2009-03-20,B,,,Adela Sobotkova,"M.K., T.B., A.S., I.K., M.M.",,,,,Oana Tojmova,,B_Summary19Mar-24Mar.pdf,,
2009-03-20,A,,,"Julia, Baba","Petra, Stana",,,,,Stana,,A_2009Summary.pdf,,
2009-03-23,B,,,Adela,TB | MK | AS | IK | MM,TB | MK | AS | IK | MM,,,,TB,,B_2009Summary.pdf,Kazanluk spring 2009; Extracted from page 11; Initials only,MISSING: Survey units | No role data available
2009-03-23,A,,,"Julia, Baba","Petra, Stana",,,,,H.,,A_2009Summary.pdf,,
2009-03-23,D,,,Georgi Nehrizov,"B.d., G.N., L.M.",,,,,Barbara Klm Olujic,,D_Summary.pdf,,
2009-03-23,C,,,"CB, Elena","CB, Peg Maggie, M",,,,,"CB, EL",,C_2009Summary.pdf,,
2009-03-23,E,,,Shawn,"Shawn, Brian, Zlatosy, Tomas, Chimela, Katrina, Culakova, Silvia, Ivanova",,,,,Katarina Culakova,,E_Summary.pdf,,
2009-03-24,C,,,Helena,"Helena, Peter, Maggie, Bryan",,,,,Bryan Zlatos,,C_2009Summary.pdf,,
2009-03-24,A,,,"Julia, Baba","Stana, Petra",,,,,Hol Q,,A_2009Summary.pdf,,
2009-03-24,D,,,Georgi Nehrizov,"E.N., B.O., N.K., L.M.",,,,,Barbara Klan Olujic,,D_Summary.pdf,,
2009-03-24,B,,,Adela Sobotkova,"Matyas Kracik, Tereza Blazkova, Adela Sobotkova, Ivana Klimova, Martin Mladenov",,,,,Ivana Klimova,,B_Summary19Mar-24Mar.pdf,,
2009-03-25,A,,,"Julia, Baba","Julia 2, Petra, Stana",,,,,Pt.,,A_2009Summary.pdf,,
2009-03-25,D,,,Georgi Nehmzov,"V., B.O., N.K., L.M., G.N.",,,,,,,D_Summary.pdf,,
2009-03-25,B,,,Adela Sobstkova,Halyar | Knacfl | Serena | Blazkova | Adela | Ivana | Martin,Halyar | Knacfl | Serena | Blazkova | Adela | Ivana | Martin,,,,Ivana Klimova,,B_2009Summary.pdf,Kazanluk spring 2009; Extracted from page 13,MISSING: Survey units | No role data available
2009-03-25,E,,,Shawn,"Shawn Ross, Charlotte, Baron, Katrina, Culakova, Silvia, Ivanova, Tomas, Chimela",,,,,Katarina Culakova,,E_Summary.pdf,,
2009-03-25,C,,,Elena,"Elena, Peter, Maggie, Bryan",,,,,Bryan Zlatos,,C_2009Summary.pdf,,
2009-03-26,E,,,Shawn Ross,"Charlotte, Baron, Katrina, Culakova, Silvia, Ivanova, Tomas, Chimela, Shawn Ross",,,,,Katarina Culakova,,E_Summary.pdf,,
2009-03-26,B,,,Adela Sobotkova,"Matyas Kracik, Tereza Blazkova, Adela Sobotkova, Ivana Klimova, Martin Mladenov",,,,,Maria Klimova,,B_Summary25Mar-05Apr.pdf,,
2009-03-26,D,,,Georgi Nehrizov,"G.N., L.M., N.K., B.O.",,,,,Barbara Klan Olujis,,D_Summary.pdf,,
2009-03-26,C,,,"Elena, Peter","Maggie, Bryan",,,,,Bryan Zlatos,,C_2009Summary.pdf,,
2009-03-26,A,,,"Julia, Baba","Julia 2, Petra, Stana",,,,,Pt.,,A_2009Summary.pdf,,
2009-03-27,E,,,Sean,"Sean Ross, Charlotte, Baron, Silvia, Ivanova, Tomas, Chimela, Katrina, Culateua",,,,,Katarina Culakova,,E_Summary.pdf,,
2009-03-27,D,,,X,"Jutea (Snall), L.M., B.O.",,,,,Barbara Klhe Olujis,,D_Summary.pdf,,
2009-03-27,B,,,Adela S.,"Adela S., Barbara W., Reka T.",,,,,Reka T.,,B_Summary25Mar-05Apr.pdf,,
2009-03-27,A,,,"Nada, Bara","Petra, Stana",,,,,Pt.,,A_2009Summary.pdf,,
2009-03-27,C,,,Maggie,"Maggie, Peter, Bryan",,,,,Bryan Zlatos,,C_2009Summary.pdf,,
2009-03-31,E,,,Shawn Ross,,,,,,,,E_Summary.pdf,,
2009-04-03,E,,,Shawn,"Adela, Charlotte, Barbara, Petra, Brian",,,,,P.T.,,E_Summary.pdf,,
2009-04-05,B,,,Adela,"Adela, Shawn, Bryan",,,,,Stank,,B_Summary25Mar-05Apr.pdf,,
2009-10-12,A,60000.0,60038.0,Adela,,,,,,Adela,ELH09 SurveySummary.xls,Diary Team A.doc,Extracted from Elhovo 2009 diary,No role data available
2009-10-12,C,80000.0,80026.0,Bara,Bara | Petra | Sona | Tereza | Todor | Georgi,Bara | Petra | Sona | Tereza | Todor | Georgi,,,,,ELH09 SurveySummary.xls,Diary Team C.doc,Extracted from Elhovo 2009 diary,No role data available
2009-10-12,B,70000.0,70043.0,Shawn,Scott | Vera | Shawn | Yabor | Stanislav,Scott | Vera | Shawn | Yabor | Stanislav,,,,Shawn,ELH09 SurveySummary.xls,Diary Team B.doc,Extracted from Elhovo 2009 diary (Five walkers),No role data available
2009-10-13,C,80027.0,80061.0,Bara,Bara | Petra | Sona | Tereza | Todor | Georgi,Bara | Petra | Sona | Tereza | Todor | Georgi,,,,,ELH09 SurveySummary.xls,Diary Team C.doc,Extracted from Elhovo 2009 diary,No role data available
2009-10-13,B,70044.0,70122.0,Shawn,Scott | Vera | Shawn | Yabor | Stanislav,Scott | Vera | Shawn | Yabor | Stanislav,,,,Shawn,ELH09 SurveySummary.xls,Diary Team B.doc,Extracted from Elhovo 2009 diary (Five walkers),No role data available
2009-10-13,A,60039.0,60086.0,Adela,,,,,,Adela,ELH09 SurveySummary.xls,Diary Team A.doc,"Narrative text only, no walker names found",No role data available
2009-10-14,C,,,Bara,Bara | Petra | Sona | Tereza | Todor | Georgi,Bara | Petra | Sona | Tereza | Todor | Georgi,,,,,,Diary Team C.doc,Extracted from Elhovo 2009 diary,MISSING: Survey units | No role data available
2009-10-15,C,80062.0,80115.0,Bara,Bara | Petra | Sona | Tereza | Todor | Georgi,Bara | Petra | Sona | Tereza | Todor | Georgi,,,,,ELH09 SurveySummary.xls,Diary Team C.doc,Extracted from Elhovo 2009 diary,No role data available
2009-10-15,B,70123.0,70163.0,Shawn,Scott | Vera | Shawn | Yabor | Stanislav | Stefan,Scott | Vera | Shawn | Yabor | Stanislav | Stefan,,,,Shawn,ELH09 SurveySummary.xls,Diary Team B.doc,Extracted from Elhovo 2009 diary (Six walkers),No role data available
2009-10-15,A,60087.0,60126.0,Adela,,,,,,Adela,ELH09 SurveySummary.xls,Diary Team A.doc,Extracted from Elhovo 2009 diary,No role data available
2009-10-16,C,,,Bara,Bara | Petra | Sona | Tereza | Todor | Georgi,Bara | Petra | Sona | Tereza | Todor | Georgi,,,,,,Diary Team C.doc,Extracted from Elhovo 2009 diary,MISSING: Survey units | No role data available
2009-10-17,C,,,Bara,Bara | Petra | Sona | Tereza | Todor | Georgi,Bara | Petra | Sona | Tereza | Todor | Georgi,,,,,,Diary Team C.doc,Extracted from Elhovo 2009 diary,MISSING: Survey units | No role data available
2009-10-18,C,,,Bara,Bara | Petra | Sona | Tereza | Todor | Georgi,Bara | Petra | Sona | Tereza | Todor | Georgi,,,,,,Diary Team C.doc,Extracted from Elhovo 2009 diary,MISSING: Survey units | No role data available
2009-10-20,B,70164.0,70240.0,Shawn,Scott | Vera | Shawn | Yabor | Stanislav | Stefan,Scott | Vera | Shawn | Yabor | Stanislav | Stefan,,,,Shawn,ELH09 SurveySummary.xls,Diary Team B.doc,Extracted from Elhovo 2009 diary (Six walkers),No role data available
2009-10-20,A,60127.0,60194.0,Adela,,,,,,Adela,ELH09 SurveySummary.xls,Diary Team A.doc,Extracted from Elhovo 2009 diary,No role data available
2009-10-20,C,80116.0,80167.0,Bara,Bara | Petra | Sona | Tereza | Todor | Georgi,Bara | Petra | Sona | Tereza | Todor | Georgi,,,,,ELH09 SurveySummary.xls,Diary Team C.doc,Extracted from Elhovo 2009 diary,No role data available
2009-10-21,A,60195.0,60273.0,Adela,,,,,,Adela,ELH09 SurveySummary.xls,Diary Team A.doc,"Narrative text only, no walker names found",No role data available
2009-10-21,B,70241.0,70342.0,Shawn,Scott | Vera | Shawn | Yabor | Stanislav | Stefan,Scott | Vera | Shawn | Yabor | Stanislav | Stefan,,,,Shawn,ELH09 SurveySummary.xls,Diary Team B.doc,Extracted from Elhovo 2009 diary (Six walkers),No role data available
2009-10-21,C,80168.0,80305.0,Bara,Bara | Petra | Sona | Tereza | Todor | Georgi,Bara | Petra | Sona | Tereza | Todor | Georgi,,,,,ELH09 SurveySummary.xls,Diary Team C.doc,Extracted from Elhovo 2009 diary,No role data available
2009-10-22,C,80306.0,80404.0,Bara,Bara | Petra | Sona | Tereza | Todor | Georgi,Bara | Petra | Sona | Tereza | Todor | Georgi,,,,,ELH09 SurveySummary.xls,Diary Team C.doc,Extracted from Elhovo 2009 diary,No role data available
2009-10-22,B,70343.0,70477.0,Shawn,Scott | Vera | Shawn | Yabor | Stanislav | Stefan,Scott | Vera | Shawn | Yabor | Stanislav | Stefan,,,,Shawn,ELH09 SurveySummary.xls,Diary Team B.doc,Extracted from Elhovo 2009 diary (Six walkers),No role data available
2009-10-22,A,60274.0,60376.0,Adela,Adela | Ilija | Eric | Aneta | Martin,Adela | Ilija | Eric | Aneta | Martin,,,,Adela,ELH09 SurveySummary.xls,Diary Team A.doc,Extracted from Elhovo 2009 diary,No role data available
2009-10-23,C,80405.0,80494.0,Bara,,,,,,,ELH09 SurveySummary.xls,,,MISSING: Walkers | No role data available
2009-10-23,B,70478.0,70571.0,Shawn,Scott | Vera | Shawn | Martin | Stanislav,Scott | Vera | Shawn | Martin | Stanislav,,,,Shawn,ELH09 SurveySummary.xls,Diary Team B.doc,Extracted from Elhovo 2009 diary (Five walkers),No role data available
2009-10-23,A,60377.0,60456.0,Adela,,,,,,Adela,ELH09 SurveySummary.xls,Diary Team A.doc,Extracted from Elhovo 2009 diary,No role data available
2009-10-26,C,80495.0,80589.0,Bara,Bara | Petra | Sona | Todor | Georgi,Bara | Petra | Sona | Todor | Georgi,,,,Petra,ELH09 SurveySummary.xls,Diary Team C.doc,Extracted from Elhovo 2009 diary,No role data available
2009-10-26,B,70572.0,70655.0,Shawn,Scott | Vera | Shawn | Yavor | Stanislav | Stefan,Scott | Vera | Shawn | Yavor | Stanislav | Stefan,,,,Shawn,ELH09 SurveySummary.xls,Diary Team B.doc,Extracted from diary,No role data available
2009-10-26,A,60457.0,60546.0,Adela,,,,,,Adela,ELH09 SurveySummary.xls,Diary Team A.doc,"Narrative text only, no walker names found",No role data available
2009-10-27,B,70656.0,70747.0,Shawn,Scott | Vera | Shawn | Yabor | Stanislav | Stefan,Scott | Vera | Shawn | Yabor | Stanislav | Stefan,,,,Shawn,ELH09 SurveySummary.xls,Diary Team B.doc,Extracted from Elhovo 2009 diary (Six walkers),No role data available
2009-10-27,A,60547.0,60616.0,Adela,,,,,,Adela,ELH09 SurveySummary.xls,Diary Team A.doc,"Narrative text only, no walker names found",No role data available
2009-10-27,C,80590.0,80666.0,Bara,Bara | Petra | Sona | Todor | Georgi,Bara | Petra | Sona | Todor | Georgi,,,,Petra,ELH09 SurveySummary.xls,Diary Team C.doc,Extracted from Elhovo 2009 diary,No role data available
2009-10-28,B,70748.0,70839.0,Shawn,Scott | Vera | Shawn | Yabor | Stanislav,Scott | Vera | Shawn | Yabor | Stanislav,,,,Shawn,ELH09 SurveySummary.xls,Diary Team B.doc,Extracted from Elhovo 2009 diary (Five walkers),No role data available
2009-10-28,A,60617.0,60696.0,Adela,,,,,,Adela,ELH09 SurveySummary.xls,Diary Team A.doc,Extracted from Elhovo 2009 diary,No role data available
2009-10-28,C,80667.0,80723.0,Bara,Bara | Petra | Sona | Todor | Georgi,Bara | Petra | Sona | Todor | Georgi,,,,Petra,ELH09 SurveySummary.xls,Diary Team C.doc,Extracted from Elhovo 2009 diary,No role data available
2009-10-29,C,80724.0,80794.0,Bara,Bara | Petra | Sona | Todor | Georgi,Bara | Petra | Sona | Todor | Georgi,,,,Petra,ELH09 SurveySummary.xls,Diary Team C.doc,Extracted from Elhovo 2009 diary,No role data available
2009-10-29,A,60697.0,60776.0,Adela,,,,,,Adela,ELH09 SurveySummary.xls,Diary Team A.doc,Extracted from Elhovo 2009 diary,No role data available
2009-10-29,B,70840.0,70925.0,Shawn,Scott | Vera | Shawn | Stanislav,Scott | Vera | Shawn | Stanislav,,,,Shawn,ELH09 SurveySummary.xls,Diary Team B.doc,Extracted from Elhovo 2009 diary (Four walkers),No role data available
2009-10-30,A,,,Adela,,,,,,Adela,,Diary Team A.doc,Extracted from Elhovo 2009 diary,MISSING: Survey units | No role data available
2009-10-31,A,,,Adela,,,,,,Adela,,Diary Team A.doc,Extracted from Elhovo 2009 diary,MISSING: Survey units | No role data available
2009-11-02,A,60777.0,60861.0,Adela,,,,,,Adela,ELH09 SurveySummary.xls,Diary Team A.doc,"Narrative text only, no walker names found",No role data available
2009-11-02,B,,,Shawn,Scott | Dasha | Shawn | Stanislav,Scott | Dasha | Shawn | Stanislav,,,,Shawn,ELH09 SurveySummary.xls,Diary Team B.doc,Extracted from Elhovo 2009 diary (Four walkers),MISSING: Survey units | No role data available
2009-11-03,B,,,Shawn,Scott | Dasha | Shawn | Stanislav | Zhoro | Yabor,Scott | Dasha | Shawn | Stanislav | Zhoro | Yabor,,,,Shawn,ELH09 SurveySummary.xls,Diary Team B.doc,Extracted from Elhovo 2009 diary (Six walkers),MISSING: Survey units | No role data available
2009-11-03,A,60862.0,60964.0,Adela,,,,,,Adela,ELH09 SurveySummary.xls,Diary Team A.doc,Extracted from Elhovo 2009 diary,No role data available
2009-11-04,A,,,Adela,,,,,,Adela,,Diary Team A.doc,Extracted from Elhovo 2009 diary,MISSING: Survey units | No role data available
2009-11-05,B,,,Shawn,Scott | Dasha | Shawn | Stanislav,Scott | Dasha | Shawn | Stanislav,,,,Shawn,ELH09 SurveySummary.xls,Diary Team B.doc,Extracted from Elhovo 2009 diary (Four walkers),MISSING: Survey units | No role data available
2009-11-05,A,60965.0,61021.0,Adela,,,,,,Adela,ELH09 SurveySummary.xls,Diary Team A.doc,Extracted from Elhovo 2009 diary,No role data available
2009-11-06,A,61022.0,61079.0,Adela,,,,,,Adela,ELH09 SurveySummary.xls,Diary Team A.doc,Extracted from Elhovo 2009 diary,No role data available
2009-11-06,B,71143.0,71201.0,Shawn,Scott | Dasha | Shawn | Stanislav,Scott | Dasha | Shawn | Stanislav,,,,Shawn,ELH09 SurveySummary.xls,Diary Team B.doc,Extracted from Elhovo 2009 diary (Four walkers),No role data available
2009-11-07,B,71202.0,71257.0,Shawn,Scott | Dasha | Shawn | Stanislav,Scott | Dasha | Shawn | Stanislav,,,,Shawn,ELH09 SurveySummary.xls,Diary Team B.doc,Extracted from Elhovo 2009 diary (Four walkers),No role data available
2009-11-07,A,61080.0,61185.0,Adela,,,,,,Adela,ELH09 SurveySummary.xls,Diary Team A.doc,Extracted from Elhovo 2009 diary,No role data available
2009-11-09,B,71258.0,71313.0,Shawn,Shawn | Zhoro | Lisi | Simon,Shawn | Zhoro | Lisi | Simon,,,,Shawn,ELH09 SurveySummary.xls,Diary Team B.doc,Extracted from Elhovo 2009 diary (Four walkers),No role data available
2009-11-09,A,61186.0,61249.0,Adela,,,,,,,ELH09 SurveySummary.xls,,,MISSING: Walkers | No role data available
2009-11-09,C,80796.0,80852.0,Scott,Scott | Stanislav | Jarka | Radko | Javor,Scott | Stanislav | Jarka | Radko | Javor,,,,Petra,ELH09 SurveySummary.xls,Diary Team C.doc,Extracted from Elhovo 2009 diary,No role data available
2009-11-10,C,80853.0,80909.0,Scott,Scott | Stanislav | Jarka | Radko | Zhoro | Jana,Scott | Stanislav | Jarka | Radko | Zhoro | Jana,,,,Petra,ELH09 SurveySummary.xls,Diary Team C.doc,Extracted from Elhovo 2009 diary,No role data available
2009-11-10,B,71314.0,71370.0,Shawn,Shawn | Yavor | Dasha | Lisi | Simon,Shawn | Yavor | Dasha | Lisi | Simon,,,,Shawn,ELH09 SurveySummary.xls,Diary Team B.doc,Extracted from Elhovo 2009 diary (Five walkers),No role data available
2009-11-10,A,61250.0,61339.0,Adela,,,,,,Adela,ELH09 SurveySummary.xls,Diary Team A.doc,Extracted from Elhovo 2009 diary,No role data available
2009-11-12,B,71371.0,71405.0,Shawn,Shawn | Martin | Todor | Katerina | Lizzy,Shawn | Martin | Todor | Katerina | Lizzy,,,,Shawn,ELH09 SurveySummary.xls,Diary Team B.doc,Extracted from Elhovo 2009 diary (Five walkers),No role data available
2009-11-12,C,80910.0,80939.0,Scott,Scott | Stanislav | Jarka | Radko | Jana,Scott | Stanislav | Jarka | Radko | Jana,,,,Petra,ELH09 SurveySummary.xls,Diary Team C.doc,Extracted from Elhovo 2009 diary,No role data available
2009-11-13,B,71406.0,71463.0,Shawn,Shawn | Martin | Todor | Dasha | Lizzy,Shawn | Martin | Todor | Dasha | Lizzy,,,,Shawn,ELH09 SurveySummary.xls,Diary Team B.doc,Extracted from Elhovo 2009 diary (Five walkers),No role data available
2009-11-13,C,80839.0,80969.0,Scott,Scott | Stanislav | Jarka | Radko | Jana,Scott | Stanislav | Jarka | Radko | Jana,,,,Petra,ELH09 SurveySummary.xls,Diary Team C.doc,Extracted from Elhovo 2009 diary,No role data available
2009-11-14,C,80970.0,81002.0,Scott,Scott | Stanislav | Lisi | Radko,Scott | Stanislav | Lisi | Radko,,,,Petra,ELH09 SurveySummary.xls,Diary Team C.doc,Extracted from Elhovo 2009 diary,No role data available
2009-11-14,A,61340.0,61344.0,Adela,,,,,,,ELH09 SurveySummary.xls,,,MISSING: Walkers | No role data available
2010-03-08,C,30742.0,30773.0,Bara,,,,,,,Kaz10_SurveySummary.xls,,,MISSING: Walkers | No role data available
2010-03-17,C,30200.0,30223.0,Bara,Elena | Bistra | Bara | Sofa | Lindsay | Jana,Elena | Bistra | Bara | Sofa | Lindsay | Jana,,,,Jana,Kaz10_SurveySummary.xls,C_2010Summary.pdf,"Extracted from page 1, form 1 (Day 1)",No role data available
2010-03-17,B,20850.0,20892.0,Adela,,,Petra | Nadya,Nadya,,,Kaz10_SurveySummary.xls,,,MISSING: Walkers
2010-03-18,C,30224.0,30227.0,Bara,Elena | Bistra | Bara | Sonja | Jana,Elena | Bistra | Bara | Sonja | Jana,,,,Sonja,Kaz10_SurveySummary.xls,C_2010Summary.pdf,"Extracted from page 1, form 2 (Day 2)",No role data available
2010-03-18,B,20893.0,20965.0,Adela,,,,,,,Kaz10_SurveySummary.xls,,,MISSING: Walkers | No role data available
2010-03-18,D,40251.0,40301.0,Zhoro,,,Nadja | Ljubo,,,,Kaz10_SurveySummary.xls,,,MISSING: Walkers
2010-03-19,C,30228.0,30280.0,Bara,Elena | Bistra | Bara | Sonja | Jana,Elena | Bistra | Bara | Sonja | Jana,,,,Jana,Kaz10_SurveySummary.xls,C_2010Summary.pdf,"Extracted from page 1, form 3 (Day 3)",No role data available
2010-03-19,D,40302.0,40353.0,Zhoro,,,Nadja | Ljubo,,,,Kaz10_SurveySummary.xls,,,MISSING: Walkers
2010-03-19,B,20966.0,21031.0,Adela,Marto | Petra | Resto | Lindsiv | Adela,Marto | Petra | Resto | Lindsiv | Adela,,,,Petra,Kaz10_SurveySummary.xls,B_2010Summary.pdf,"Extracted from page 1, form 2",No role data available
2010-03-20,B,21032.0,21110.0,Adela,Petra | Nadeja | Tesho | Marto | Tereza | Lindsiv,Petra | Nadeja | Tesho | Marto | Tereza | Lindsiv,,,,Petra,Kaz10_SurveySummary.xls,B_2010Summary.pdf,"Extracted from page 2, form 1",No role data available
2010-03-20,C,30281.0,30388.0,Bara,Bara | Elena | BS | [unclear],Bara | Elena | BS | [unclear],,,,,Kaz10_SurveySummary.xls,C_2010Summary.pdf,"Extracted from page 2, form 1 (Day 4); Walkers partially unclear",No role data available | UNCERTAIN: Check extraction notes
2010-03-20,D,40354.0,40432.0,Zhoro,,,Nadja | Ljubo,,,,Kaz10_SurveySummary.xls,,,MISSING: Walkers
2010-03-21,D,40424.0,40482.0,Zhoro,,,Nadja | Ljubo,,,,Kaz10_SurveySummary.xls,,,MISSING: Walkers
2010-03-21,B,21111.0,21169.0,Adela,,,Tereza | Petra,,,,Kaz10_SurveySummary.xls,,,MISSING: Walkers
2010-03-21,C,30389.0,30416.0,Bara,Bara | Elena | Sonya | [unclear] | Bistra,Bara | Elena | Sonya | [unclear] | Bistra,,,,,Kaz10_SurveySummary.xls,C_2010Summary.pdf,"Extracted from page 2, form 2 (Day 5)",No role data available
2010-03-22,D,40483.0,40544.0,Zhoro,Tesho | Viktoko | Julia | Marten | Delana | Zhoro,Tesho | Viktoko | Julia | Marten | Delana | Zhoro,,,,Vera,Kaz10_SurveySummary.xls,D_2010Summary.pdf,"Extracted from page 1, form 1",No role data available
2010-03-22,C,30417.0,30465.0,Bara,Bara | Elena | Bistra | [unclear] | Todor,Bara | Elena | Bistra | [unclear] | Todor,,,,Sonja,Kaz10_SurveySummary.xls,C_2010Summary.pdf,"Extracted from page 2, form 3 (Day 6)",No role data available
2010-03-22,B,21170.0,21237.0,Adela,Toshe | Marto | Adela | Caleb | Plako | Nadege,Toshe | Marto | Adela | Caleb | Plako | Nadege,,,,,Kaz10_SurveySummary.xls,B_2010Summary.pdf,"Extracted from page 2, form 3; Author field unclear",No role data available | UNCERTAIN: Check extraction notes
2010-03-22,A,10750.0,10807.0,Julia T,,,Tereza | Pesho,,,,Kaz10_SurveySummary.xls,,,MISSING: Walkers
2010-03-23,D,,,Zhoro,Zhoro | Zhoro | Marten | Petra mi | Renée,Zhoro | Zhoro | Marten | Petra mi | Renée,,,,Vera,,D_2010Summary.pdf,"Extracted from page 3, form 1",MISSING: Survey units | No role data available
2010-03-24,B,21238.0,21272.0,Adela,Adela | Peshev | Desiv | Stana | Renée,Adela | Peshev | Desiv | Stana | Renée,,,,,Kaz10_SurveySummary.xls,B_2010Summary.pdf,"Extracted from page 3, form 1",No role data available
2010-03-24,A,10808.0,10906.0,Tereza,,,,,,,Kaz10_SurveySummary.xls,,,MISSING: Walkers | No role data available
2010-03-24,D,40545.0,40640.0,Zhoro,Zhoro | Reza | Marten | Petra | Juliet,Zhoro | Reza | Marten | Petra | Juliet,,,,Vera,Kaz10_SurveySummary.xls,D_2010Summary.pdf,"Extracted from page 1, form 2",No role data available
2010-03-24,C,30466.0,30496.0,Bara,,,,,,,Kaz10_SurveySummary.xls,,,MISSING: Walkers | No role data available
2010-03-25,A,10907.0,10945.0,Julia T,,,,,,,Kaz10_SurveySummary.xls,,,MISSING: Walkers | No role data available
2010-03-25,B,21273.0,21342.0,Adela,Adela | Peso | Dasa | Stana | Renée,Adela | Peso | Dasa | Stana | Renée,,,,Dasa,Kaz10_SurveySummary.xls,B_2010Summary.pdf,"Extracted from page 3, form 2",No role data available
2010-03-25,C,30497.0,30516.0,Bara,,,,,,,Kaz10_SurveySummary.xls,,,MISSING: Walkers | No role data available
2010-03-25,D,40641.0,40676.0,Zhoro,,,,,,,Kaz10_SurveySummary.xls,,,MISSING: Walkers
2010-03-26,D,40667.0,40737.0,Zhoro,Zhoro | Vera | Marten | Boyslom | Zhoro,Zhoro | Vera | Marten | Boyslom | Zhoro,,,,Vera,Kaz10_SurveySummary.xls,D_2010Summary.pdf,"Extracted from page 1, form 3; Some name spellings uncertain",No role data available | UNCERTAIN: Check extraction notes
2010-03-26,B,21343.0,21407.0,Adela,Peshe | Desia | Adela | Stava | Renée,Peshe | Desia | Adela | Stava | Renée,,,,Renée G,Kaz10_SurveySummary.xls,B_2010Summary.pdf,"Extracted from page 3, form 3",No role data available
2010-03-26,C,30517.0,30543.0,Bara,Bara | Sonja | Elena | Bara | [unclear],Bara | Sonja | Elena | Bara | [unclear],,,,Sonja,Kaz10_SurveySummary.xls,C_2010Summary.pdf,"Extracted from page 4, form 1 (Day 10)",No role data available
2010-03-26,A,10946.0,11035.0,Julia T,,,,,,,Kaz10_SurveySummary.xls,,,MISSING: Walkers | No role data available
2010-03-27,B,,,Adela,Petra | Adela | Adra | Martin | Petra,Petra | Adela | Adra | Martin | Petra,,,,Vitaha,,B_2010Summary.pdf,"Extracted from page 4, form 3",MISSING: Survey units | No role data available
2010-03-27,A,,,Julia T,,,,,,,Kaz10_SurveySummary.xls,,,MISSING: Walkers | MISSING: Survey units | No role data available
2010-03-27,D,40738.0,40773.0,Zhoro,Vittori | Vera | Marten | Giulio | [unclear] | Reza,Vittori | Vera | Marten | Giulio | [unclear] | Reza,,,,Vera,Kaz10_SurveySummary.xls,D_2010Summary.pdf,"Extracted from page 2, form 1; Some names unclear",No role data available | UNCERTAIN: Check extraction notes
2010-03-27,C,30544.0,30591.0,Bara,Bara | Sonja | Elena | [unclear] | Todor,Bara | Sonja | Elena | [unclear] | Todor,,,,Sonja,Kaz10_SurveySummary.xls,C_2010Summary.pdf,"Extracted from page 3, form 3 (Day 9)",No role data available
2010-03-28,C,30592.0,30593.0,Bara,Bara | Sonja | Elena | Sonja | Jolien,Bara | Sonja | Elena | Sonja | Jolien,,,,Sonja,Kaz10_SurveySummary.xls,C_2010Summary.pdf,"Extracted from page 4, form 2 (Day 11)",No role data available
2010-03-28,B,21410.0,21439.0,Adela,Adela | Adela | Petra | Martin,Adela | Adela | Petra | Martin,,,,Petra,Kaz10_SurveySummary.xls,B_2010Summary.pdf,"Extracted from page 5, form 1",No role data available
2010-03-28,A,11037.0,11039.0,Julia T,,,,,Helvecia,,Kaz10_SurveySummary.xls,,,MISSING: Walkers
2010-03-28,D,40774.0,40800.0,Zhoro,Zhoro | Viki | Dasa | GRC | Liabon | Tleodor,Zhoro | Viki | Dasa | GRC | Liabon | Tleodor,,,,Viki,Kaz10_SurveySummary.xls,D_2010Summary.pdf,"Extracted from page 4, form 1; Some names unclear",No role data available | UNCERTAIN: Check extraction notes
2010-03-29,B,,,Adela,Adela | Petra | Martin,Adela | Petra | Martin,,,,,,B_2010Summary.pdf,"Extracted from page 5, form 2",MISSING: Survey units | No role data available
2010-03-29,C,,,Bara,Sonja | Bara | Elena | Todor,Sonja | Bara | Elena | Todor,,,,Sonja,,C_2010Summary.pdf,"Extracted from page 4, form 3 (Day 12)",MISSING: Survey units | No role data available
2010-03-30,D,40801.0,40841.0,Zhoro,,,,,,,Kaz10_SurveySummary.xls,,,MISSING: Walkers
2010-03-30,C,30594.0,30634.0,Bara,Bara | Sonja | Elena | [unclear] | Bara,Bara | Sonja | Elena | [unclear] | Bara,,,,,Kaz10_SurveySummary.xls, C_2010Summary.pdf,"Extracted from page 5, form 1 (Day 13)",No role data available
2010-03-30,B,21440.0,21506.0,Adela,Adela | Martin | Peter | Adra | Petra,Adela | Martin | Peter | Adra | Petra,,,,Petra,Kaz10_SurveySummary.xls,B_2010Summary.pdf,"Extracted from page 4, form 2",No role data available
2010-03-31,B,21507.0,21550.0,Adela,,,,,,,Kaz10_SurveySummary.xls,,,MISSING: Walkers
2010-03-31,C,30635.0,30647.0,Bara,Bara | Sonja | Elena | Peter | Todor,Bara | Sonja | Elena | Peter | Todor,,,,Bara,Kaz10_SurveySummary.xls,C_2010Summary.pdf,"Extracted from page 5, form 2 (Day 14); Date is 2 April per form",No role data available
2010-03-31,D,40842.0,40877.0,Zhoro,Zhoro | Nadja | Ljubo | Viki | Lindsay,Zhoro | Nadja | Ljubo | Viki | Lindsay,,,,Lindsay,Kaz10_SurveySummary.xls,D_2010Summary.pdf,"Extracted from page 4, form 3",No role data available
2010-04-01,B,21551.0,21631.0,Adela,Adela | Petra | Martin,Adela | Petra | Martin,,,,Petra,Kaz10_SurveySummary.xls,B_2010Summary.pdf,"Extracted from page 5, form 1",No role data available
2010-04-01,C,30648.0,30686.0,Bara,Sonja | Bara | Elena | Peter | Todor,Sonja | Bara | Elena | Peter | Todor,,,,Sonja,Kaz10_SurveySummary.xls,C_2010Summary.pdf,"Extracted from page 5, form 3 (Day 15); Date is 6 April per form",No role data available
2010-04-01,D,40878.0,40914.0,Vanda,Nadja | Jidson D | Ljubo | Viki | Lindsay,Nadja | Jidson D | Ljubo | Viki | Lindsay,,,,Vi,Kaz10_SurveySummary.xls,D_2010Summary.pdf,"Extracted from page 5, form 1; Leader and author names unclear",No role data available | UNCERTAIN: Check extraction notes
2010-04-02,B,21632.0,21704.0,Adela,,,,,Martin,,Kaz10_SurveySummary.xls,,,MISSING: Walkers
2010-04-02,C,30687.0,30716.0,Bara,Sonja | Bara | Lindsay | Elena | Todor,Sonja | Bara | Lindsay | Elena | Todor,,,,Sonja,Kaz10_SurveySummary.xls,C_2010Summary.pdf,"Extracted from page 6, form 1 (Day 16); Date is 7 April per form",No role data available
2010-04-06,B,,,,Martin | Adela | Renée | Vitana | Bogdan,Martin | Adela | Renée | Vitana | Bogdan,,,,,,B_2010Summary.pdf,"Extracted from page 4, form 1; Leader field unclear",MISSING: Leader | MISSING: Survey units | No role data available | UNCERTAIN: Check extraction notes
2010-04-07,B,21705.0,21736.0,Adela,Adela | Stana | Dasa | Peso | Jiri,Adela | Stana | Dasa | Peso | Jiri,,,,Dasa,Kaz10_SurveySummary.xls,B_2010Summary.pdf,"Extracted from page 5, form 3",No role data available
2010-04-07,C,30717.0,30740.0,Bara,,,,,,,Kaz10_SurveySummary.xls,,,MISSING: Walkers | No role data available
2010-04-07,A,11040.0,11089.0,Petra,,,,,,,Kaz10_SurveySummary.xls,,,MISSING: Walkers | No role data available
2010-04-08,A,11091.0,11157.0,Petra,,,,,,,Kaz10_SurveySummary.xls,,,MISSING: Walkers | No role data available
2010-04-08,C,,,Bara,Bara | Sonja | Elena | Todor,Bara | Sonja | Elena | Todor,,,,Sonja,,C_2010Summary.pdf,"Extracted from page 6, form 2 (Day 17); Date is 8 April per form",MISSING: Survey units | No role data available
2010-04-08,B,21737.0,21803.0,Adela,,,,,,,Kaz10_SurveySummary.xls,,,MISSING: Walkers | No role data available
2010-04-09,C,30774.0,30800.0,Bara,Bara | Sonja | Elena | Todor | [unclear],Bara | Sonja | Elena | Todor | [unclear],,,,Sonja,Kaz10_SurveySummary.xls,C_2010Summary.pdf,"Extracted from page 6, form 3 (Day 18); Date is 9 April per form",No role data available
2010-04-09,B,21804.0,21839.0,Adela,Adela | Petra | Peter,Adela | Petra | Peter,,,Hm,,Kaz10_SurveySummary.xls,B_2010Summary.pdf,"Extracted from page 6, form 2",Complete
2010-04-09,A,11158.0,11203.0,Petra,,,,,,,Kaz10_SurveySummary.xls,,,MISSING: Walkers | No role data available
2010-04-15,C,,,Bara,,,,,,Sonja,Kaz10_SurveySummary.xls,C_2010Summary.pdf,No field survey conducted this day,MISSING: Survey units | No role data available
2010-10-22,A,61400.0,61423.0,Adela D,A9 | Jovi | AD | ET | RL | AT,A9 | Jovi | AD | ET | RL | AT,,,,Royce L,Yam10_SurveySummary.xls,Day_03.pdf,Yambol 2010; Extracted from form 1,No role data available
2010-10-23,A,61424.0,61475.0,Adela D,AD | RL | AS | BJ | VC,AD | RL | AS | BJ | VC,,,,Royce L,Yam10_SurveySummary.xls,Day_03.pdf,Yambol 2010; Extracted from form 2,No role data available
2010-10-24,A,61476.0,61549.0,Adela D,AS | RL | AD | VC | EA,AS | RL | AD | VC | EA,,,,Royce L,Yam10_SurveySummary.xls,Day_03.pdf,Yambol 2010; Extracted from form 3,No role data available
2010-11-02,B,71470.0,71524.0,Dr Ross,VC | RL | DR | RL | AP,VC | RL | DR | RL | AP,,,,Royce L,Yam10_SurveySummary.xls,Day_02.pdf,Yambol 2010; Extracted from form 1,No role data available
2010-11-02,A,61549.0,61586.0,Petra T,Adela | Elena | Drago | Bistra,Adela | Elena | Drago | Bistra,,,,Drago G,Yam10_SurveySummary.xls,Day_05.pdf,Yambol 2010; Extracted from form 1,No role data available
2010-11-03,A,61587.0,61643.0,Petra,Petra | Vichey | Drago | Adela | Emma,Petra | Vichey | Drago | Adela | Emma,,,,Emma,Yam10_SurveySummary.xls,Day_05.pdf,Yambol 2010; Extracted from form 2,No role data available
2010-11-03,B,71245.0,71583.0,Dr Ross,DR | AP | JP | RL | KL,DR | AP | JP | RL | KL,,,,Ashley,Yam10_SurveySummary.xls,Day_02.pdf,Yambol 2010; Extracted from form 2,No role data available
2010-11-04,B,71584.0,71650.0,Dr Ross,KL | JP | DR | RL | AP,KL | JP | DR | RL | AP,,,,Kim Lowe,Yam10_SurveySummary.xls,Day_04.pdf,Yambol 2010; Extracted from form 1,No role data available
2010-11-05,B,71650.0,71712.0,Dr Ross,AP | RL | JP | ACL | DR,AP | RL | JP | ACL | DR,,,,Alina,Yam10_SurveySummary.xls,Day_04.pdf,Yambol 2010; Extracted from form 2,No role data available
2010-11-11,B,71834.0,71909.0,Royce,DG | EJ | ACa | Sonya | RL,DG | EJ | ACa | Sonya | RL,,,,Sonja,Yam10_SurveySummary.xls,Day_08.pdf,Yambol 2010; Extracted from form 2,No role data available
2010-11-12,B,71910.0,71980.0,Royce L,Royce | Sonya | Drago | Elima | Emma,Royce | Sonya | Drago | Elima | Emma,,,,Emma,Yam10_SurveySummary.xls,Day_10.pdf,Yambol 2010; Extracted from form 1,No role data available
2010-11-14,B,71981.0,72024.0,Royce,,,,,,,Yam10_SurveySummary.xls,,,MISSING: Walkers | No role data available
2010-11-15,B,72025.0,72087.0,Petra,Emma | Sonja | Alina | Ashley | Petra,Emma | Sonja | Alina | Ashley | Petra,,,,Alina,Yam10_SurveySummary.xls,Day_12.pdf,Yambol 2010; Extracted from form 1 (Day 11),No role data available
2011-10-14,D,40915.0,40919.0,NK,Н. Кечева | Ю. Димитрова | В. Генчева | Г. Михайлов | Е.  Дакашев | А.  Рисков | Христина Павкова,N. Kecheva | Yu. Dimitrova | V. Gencheva | G. Mikhaylov | E.  Dakashev | A.  Riskov | Khristina Pavkova,,,,,Kaz11_SurveySummary.xlsx,D_2011Diary_BG.doc,Extracted from Bulgarian diary - location descriptions removed,No role data available
2011-10-15,D,40920.0,40958.0,NK,Н. Кечева | Ю. Димитрова | В. Генчева | Г. Михайлов | Е. Дакашев | А. Рисков,N. Kecheva | Yu. Dimitrova | V. Gencheva | G. Mikhaylov | E. Dakashev | A. Riskov,,,,,Kaz11_SurveySummary.xlsx,D_2011Diary_BG.doc,Extracted from Bulgarian diary - location descriptions removed,No role data available
2011-10-16,A,11206.0,11224.0,JTs,ЮЦ | ЦЦ | ЮД | Г. Михайлов,YuTs | TsTs | YuD | G. Mikhaylov,,,,,Kaz11_SurveySummary.xlsx,A_2011Diary_BG.doc,Extracted from Bulgarian diary,No role data available
2011-10-16,D,40959.0,40967.0,NK,Н. Кечева | В. Генчева | Е. Дакашев,N. Kecheva | V. Gencheva | E. Dakashev,,,,,Kaz11_SurveySummary.xlsx,D_2011Diary_BG.doc,Extracted from Bulgarian diary - location descriptions removed,No role data available
2011-10-19,A,11225.0,11325.0,JD,ЮЦ | ЦЦ | ЮД | Г. Михайлов,YuTs | TsTs | YuD | G. Mikhaylov,,,,,Kaz11_SurveySummary.xlsx,A_2011Diary_BG.doc,Extracted from Bulgarian diary,No role data available
2011-10-19,D,40968.0,41007.0,NK,Н. Кечева | В. Генчева | Е. Дакашев | Е. Тонкова,N. Kecheva | V. Gencheva | E. Dakashev | E. Tonkova,,,,,Kaz11_SurveySummary.xlsx,D_2011Diary_BG.doc,Extracted from Bulgarian diary - location descriptions removed,No role data available
2011-10-20,A,11326.0,11391.0,JD,ЮЦ | ЦЦ | ЮД | Г. Михайлов,YuTs | TsTs | YuD | G. Mikhaylov,,,,,Kaz11_SurveySummary.xlsx,A_2011Diary_BG.doc,Extracted from Bulgarian diary,No role data available
2011-10-20,D,41008.0,41087.0,NK,Н. Кечева | В. Генчева | Е. Дакашев | Е. Тонкова,N. Kecheva | V. Gencheva | E. Dakashev | E. Tonkova,,,,,Kaz11_SurveySummary.xlsx,D_2011Diary_BG.doc,Extracted from Bulgarian diary - location descriptions removed,No role data available
2011-10-21,A,11392.0,11448.0,JD,ЮЦ | ЦЦ | ЮД | Г. Михайлов,YuTs | TsTs | YuD | G. Mikhaylov,,,,,Kaz11_SurveySummary.xlsx,A_2011Diary_BG.doc,Extracted from Bulgarian diary,No role data available
2011-10-21,D,,,,Н. Кечева | В. Генчева | Е. Дакашев | Е. Тонкова,N. Kecheva | V. Gencheva | E. Dakashev | E. Tonkova,,,,,,D_2011Diary_BG.doc,Extracted from Bulgarian diary - location descriptions removed,MISSING: Leader | MISSING: Survey units | No role data available
2011-10-22,A,11449.0,11492.0,JTs,ЮЦ | ЦЦ | ЮД | Г. Михайлов,YuTs | TsTs | YuD | G. Mikhaylov,,,,,Kaz11_SurveySummary.xlsx,A_2011Diary_BG.doc,Extracted from Bulgarian diary,No role data available
2011-10-22,D,41153.0,41197.0,NK,Н. Кечева | В. Генчева | Е. Дакашев | Е. Тонкова,N. Kecheva | V. Gencheva | E. Dakashev | E. Tonkova,,,,,Kaz11_SurveySummary.xlsx,D_2011Diary_BG.doc,Extracted from Bulgarian diary - location descriptions removed,No role data available
2011-10-23,A,11493.0,11559.0,JTs,ЮЦ | ЦЦ | ЮД | Г. Михайлов,YuTs | TsTs | YuD | G. Mikhaylov,,,,,Kaz11_SurveySummary.xlsx,A_2011Diary_BG.doc,Extracted from Bulgarian diary,No role data available
2011-10-23,D,41198.0,41221.0,GN,Г. Нехризов | Н. Кечева | В. Генчева | Е. Дакашев | Е. Тонкова,G. Nekhrizov | N. Kecheva | V. Gencheva | E. Dakashev | E. Tonkova,,,,,Kaz11_SurveySummary.xlsx,D_2011Diary_BG.doc,Extracted from Bulgarian diary - location descriptions removed,No role data available
2011-10-24,A,,,GN,,,,,,,Kaz11_SurveySummary.xlsx,,,MISSING: Walkers | MISSING: Survey units | No role data available
2011-10-25,A,11560.0,11596.0,JTs,ЮЦ | ЦЦ | ЮД | Г. Михайлов,YuTs | TsTs | YuD | G. Mikhaylov,,,,,Kaz11_SurveySummary.xlsx,A_2011Diary_BG.doc,Extracted from Bulgarian diary,No role data available
2011-10-25,D,41222.0,41249.0,GN,Г. Нехризов | Н. Кечева | В. Генчева | Е. Дакашев | Е. Тонкова,G. Nekhrizov | N. Kecheva | V. Gencheva | E. Dakashev | E. Tonkova,,,,,Kaz11_SurveySummary.xlsx,D_2011Diary_BG.doc,Extracted from Bulgarian diary - location descriptions removed,No role data available
2011-10-26,D,41250.0,41316.0,NK,Н. Кечева | Е. Дакашев | Е. Тонкова,N. Kecheva | E. Dakashev | E. Tonkova,,,,,Kaz11_SurveySummary.xlsx,D_2011Diary_BG.doc,Extracted from Bulgarian diary - location descriptions removed,No role data available
2011-10-26,A,11597.0,11634.0,JD,ЮД | ВГ | Г. Михайлов | Ал. Рисков,YuD | VG | G. Mikhaylov | Al. Riskov,,,,,Kaz11_SurveySummary.xlsx,A_2011Diary_BG.doc,Extracted from Bulgarian diary,No role data available
2011-10-27,D,41317.0,41399.0,NK,Н. Кечева | Е. Дакашев | Е. Тонкова,N. Kecheva | E. Dakashev | E. Tonkova,,,,,Kaz11_SurveySummary.xlsx,D_2011Diary_BG.doc,Extracted from Bulgarian diary - location descriptions removed,No role data available
2011-10-27,A,11635.0,11672.0,JD,ЮД | ВГ | Г. Михайлов | Ал. Рисков,YuD | VG | G. Mikhaylov | Al. Riskov,,,,,Kaz11_SurveySummary.xlsx,A_2011Diary_BG.doc,Extracted from Bulgarian diary,No role data available
2011-10-28,A,11673.0,11750.0,JD,ЮД | ВГ | ГМ | Ал.Р. | ЦЦ,YuD | VG | GM | Al.R. | TsTs,,,,,Kaz11_SurveySummary.xlsx,A_2011Diary_BG.doc,Extracted from Bulgarian diary,No role data available
2011-10-28,D,41400.0,41453.0,NK,Н. Кечева | Е. Дакашев | Е. Тонкова,N. Kecheva | E. Dakashev | E. Tonkova,,,,,Kaz11_SurveySummary.xlsx,D_2011Diary_BG.doc,Extracted from Bulgarian diary - location descriptions removed,No role data available
2011-10-29,A,11751.0,11781.0,JTs,ЮД | ВГ | ГМ | Ал.Р. | ЦЦ,YuD | VG | GM | Al.R. | TsTs,,,,,Kaz11_SurveySummary.xlsx,A_2011Diary_BG.doc,Extracted from Bulgarian diary,No role data available
2011-10-30,A,11782.0,11822.0,GM,ЮД | ВГ | ГМ | Ал.Р. | ЦЦ,YuD | VG | GM | Al.R. | TsTs,,,,,Kaz11_SurveySummary.xlsx,A_2011Diary_BG.doc,Extracted from Bulgarian diary,No role data available
2011-10-31,A,11823.0,11850.0,GM,ЮД | ВГ | ГМ | Ал.Р. | ЦЦ,YuD | VG | GM | Al.R. | TsTs,,,,,Kaz11_SurveySummary.xlsx,A_2011Diary_BG.doc,Extracted from Bulgarian diary,No role data available
2011-11-01,D,41454.0,41470.0,AA,,,,,,,Kaz11_SurveySummary.xlsx,,,MISSING: Walkers | No role data available
2011-11-01,A,11851.0,11876.0,GM,ЮД | ВГ | ГМ | Ал.Р. | ЦЦ,YuD | VG | GM | Al.R. | TsTs,,,,,Kaz11_SurveySummary.xlsx,A_2011Diary_BG.doc,Extracted from Bulgarian diary,No role data available
2011-11-02,D,41471.0,41477.0,AA,,,,,,,Kaz11_SurveySummary.xlsx,,,MISSING: Walkers | No role data available
2011-11-02,A,11877.0,11925.0,GM,ЮД | ВГ | ГМ | Ал.Р. | ЦЦ,YuD | VG | GM | Al.R. | TsTs,,,,,Kaz11_SurveySummary.xlsx,A_2011Diary_BG.doc,Extracted from Bulgarian diary,No role data available
2011-11-02,C,30821.0,30880.0,Shawn R,Corinne | Jodie | Georgia | Eva,Corinne | Jodie | Georgia | Eva,,,,Corinne S,Kaz11_SurveySummary.xlsx,C_2011Summary.pdf,"Extracted from page 1, form 1",No role data available
2011-11-03,C,30881.0,30949.0,Shawn,Jodie | Cecilia,Jodie | Cecilia,,,,Corinne,Kaz11_SurveySummary.xlsx,C_2011Summary.pdf,"Extracted from page 1, form 2",No role data available
2011-11-03,B,21840.0,21855.0,Petra,Bethan | Joel | Hamish | Oscar,Bethan | Joel | Hamish | Oscar,,,,Bethan,Kaz11_SurveySummary.xlsx,B_2011Summary.pdf,"Extracted from page 1, form 1",No role data available
2011-11-03,A,11926.0,11987.0,GM,ГМ | ЕТ | ЦЦ | АА | CC и SZ,GM | ET | TsTs | AA | CC i SZ,,,,,Kaz11_SurveySummary.xlsx,A_2011Diary_BG.doc,Extracted from Bulgarian diary,No role data available
2011-11-05,C,30950.0,30971.0,Shawn R,Corinne | Jodie | Cecilia | Georgia | Corinne | Shawn,Corinne | Jodie | Cecilia | Georgia | Corinne | Shawn,,,,Corinne S,Kaz11_SurveySummary.xlsx,C_2011Summary.pdf,"Extracted from page 2, form 1",No role data available
2011-11-05,B,21856.0,21900.0,Petra,Bethan | Joel | Hamish | Oscar,Bethan | Joel | Hamish | Oscar,,,,Bethan,Kaz11_SurveySummary.xlsx,B_2011Summary.pdf,"Extracted from page 1, form 2",No role data available
2011-11-06,B,21901.0,21965.0,Petra,Oscar | Hamish | [unclear],Oscar | Hamish | [unclear],,,,,Kaz11_SurveySummary.xlsx,B_2011Summary.pdf,"Extracted from page 2, form 1; Some walkers unclear",No role data available | UNCERTAIN: Check extraction notes
2011-11-06,C,30972.0,31020.0,Shawn,Jodie | Cecilia | Georgia | Corinne | Martin | Shawn,Jodie | Cecilia | Georgia | Corinne | Martin | Shawn,,,,Corinne,Kaz11_SurveySummary.xlsx,C_2011Summary.pdf,"Extracted from page 2, form 2",No role data available
2011-11-07,B,21966.0,22016.0,Petra,Oscar | Hamish,Oscar | Hamish,,,,,Kaz11_SurveySummary.xlsx,B_2011Summary.pdf,"Extracted from page 2, form 2",No role data available
2011-11-07,C,31021.0,31105.0,Shawn,Jodie | Cecilia | Georgia | Corinne | Martin,Jodie | Cecilia | Georgia | Corinne | Martin,,,,Martin,Kaz11_SurveySummary.xlsx,C_2011Summary.pdf,"Extracted from page 3, form 1",No role data available
2011-11-08,B,22017.0,22086.0,Petra,,,,,,,Kaz11_SurveySummary.xlsx,,,MISSING: Walkers | No role data available
2011-11-08,C,31106.0,31180.0,Shawn,Corinne | Martin | Tania | Siobhan | Jodie,Corinne | Martin | Tania | Siobhan | Jodie,,,,Jodie,Kaz11_SurveySummary.xlsx,C_2011Summary.pdf,"Extracted from page 2, form 3",No role data available
2011-11-09,B,22087.0,22123.0,Petra,Joel | Hamish | Bethan | [unclear],Joel | Hamish | Bethan | [unclear],,,,Petra,Kaz11_SurveySummary.xlsx,B_2011Summary.pdf,"Extracted from page 3, form 1",No role data available
2011-11-09,C,31181.0,31245.0,Shawn,SR | GB | ME | CS | JM,SR | GB | ME | CS | JM,,,,Corinne,Kaz11_SurveySummary.xlsx,C_2011Summary.pdf,"Extracted from page 4, form 1; Initials only",No role data available
2011-11-10,D,41088.0,41152.0,NK,,,,,,,Kaz11_SurveySummary.xlsx,,,MISSING: Walkers | No role data available
2011-11-10,B,22124.0,22198.0,Petra,Adela | Bethan | Hamish | Bethan | [unclear],Adela | Bethan | Hamish | Bethan | [unclear],,,,,Kaz11_SurveySummary.xlsx,B_2011Summary.pdf,"Extracted from page 3, form 2; Some walkers unclear",No role data available | UNCERTAIN: Check extraction notes
2011-11-12,C,,,Shawn,Corinne | Jodie | Georgia | Shawn,Corinne | Jodie | Georgia | Shawn,,,,Corinne,,C_2011Summary.pdf,"Extracted from page 4, form 2",MISSING: Survey units | No role data available
2011-11-12,B,22206.0,22243.0,Petra,Petra,Petra,,,,Petra,Kaz11_SurveySummary.xlsx,B_2011Summary.pdf,"Extracted from page 4, form 1",No role data available
2011-11-13,B,22244.0,22268.0,Petra,Bara | Micha | Hannah | Cecelia,Bara | Micha | Hannah | Cecelia,,Images | Track Log | Diary,Note,,Kaz11_SurveySummary.xlsx,B_2011Summary.pdf,"Extracted from page 4, form 2",Complete
2011-11-13,C,31246.0,31250.0,Bara,Bara | Micha | Hannah | Cecelia | Adela,Bara | Micha | Hannah | Cecelia | Adela,,,,Cecelia,Kaz11_SurveySummary.xlsx,C_2011Summary.pdf,"Extracted from page 4, form 3",No role data available
2011-11-15,C,31251.0,31284.0,Cecelia,Bara | Hannah | Siobhan | Elaine | Cecelia,Bara | Hannah | Siobhan | Elaine | Cecelia,,,,,Kaz11_SurveySummary.xlsx,C_2011Summary.pdf,"Extracted from page 5, form 1",No role data available
2011-11-15,B,22269.0,22282.0,Joel,Joel | Hamish | Cecelia | Siobhan | Elaine | Cecelia,Joel | Hamish | Cecelia | Siobhan | Elaine | Cecelia,,,,Cecelia,Kaz11_SurveySummary.xlsx,B_2011Summary.pdf,"Extracted from page 6, form 1",No role data available
2011-11-16,C,31285.0,31302.0,Shawn R,Jodie | Oscar | Georgia | Shawn,Jodie | Oscar | Georgia | Shawn,,,,Corinne,Kaz11_SurveySummary.xlsx,C_2011Summary.pdf,"Extracted from page 5, form 2",No role data available
2011-11-16,B,72088.0,72206.0,Joel,,,,,No,,Yam10_SurveySummary.xls,B_2011Diary_BG.docx,"Bulgarian diary entry - no walker names found, only survey notes",Complete
2011-11-17,B,22321.0,22367.0,Petra,Cecilia | Joel | Hamish | Siobhan,Cecilia | Joel | Hamish | Siobhan,,,,Petra,Kaz11_SurveySummary.xlsx,B_2011Summary.pdf,"Extracted from page 6, form 3",No role data available
2011-11-17,C,31303.0,31335.0,Shawn,Jodie | Oscar | Georgia,Jodie | Oscar | Georgia,,,,Corinne,Kaz11_SurveySummary.xlsx,C_2011Summary.pdf,"Extracted from page 6, form 1",No role data available
2011-11-18,C,31335.0,31342.0,Shawn,Jodie | Oscar | Georgia | Shawn | Corinne,Jodie | Oscar | Georgia | Shawn | Corinne,,,,Corinne,Kaz11_SurveySummary.xlsx,C_2011Summary.pdf,"Extracted from page 6, form 2",No role data available
2011-11-18,B,22368.0,22407.0,Petra,Cecilia | Elaine | Joel | Siobhan,Cecilia | Elaine | Joel | Siobhan,,,,Petra,Kaz11_SurveySummary.xlsx,B_2011Summary.pdf,"Extracted from page 7, form 1",No role data available
2011-11-20,B,22408.0,22462.0,Adela,Hamish | Petra,Hamish | Petra,,,,Petra,Kaz11_SurveySummary.xlsx,B_2011Summary.pdf,"Extracted from page 7, form 2",No role data available
2011-11-20,C,31344.0,31355.0,Shawn,Georgia | Jodie | Elaine | Shawn,Georgia | Jodie | Elaine | Shawn,,,,Jodie,Kaz11_SurveySummary.xlsx,C_2011Summary.pdf,"Extracted from page 7, form 1",No role data available
2011-11-21,B,22463.0,22508.0,Adela,Cecilia | Hamish | Petra,Cecilia | Hamish | Petra,,,As,Petra,Kaz11_SurveySummary.xlsx,B_2011Summary.pdf,"Extracted from page 8, form 1",Complete
2011-11-21,C,31356.0,31376.0,Shawn,Georgia | Jodie | Martin | Elaine | Shawn,Georgia | Jodie | Martin | Elaine | Shawn,,,,Elaine Lin,Kaz11_SurveySummary.xlsx,C_2011Summary.pdf,"Extracted from page 7, form 2",No role data available
2011-11-22,B,22509.0,22542.0,Adela,,,,,,,Kaz11_SurveySummary.xlsx,B_2011Diary_BG.docx,"Extracted from Bulgarian diary - no walker names found, only survey notes",No role data available
2011-11-22,C,31377.0,31395.0,Shawn,Jodie | Cecilia | Georgia | Corinne | Shawn,Jodie | Cecilia | Georgia | Corinne | Shawn,,,,Jodie,Kaz11_SurveySummary.xlsx,C_2011Summary.pdf,"Extracted from page 8, form 1",No role data available
2011-11-23,C,31396.0,31439.0,Shawn,Shawn | Georgia | Jodie,Shawn | Georgia | Jodie,,,,Jodie,Kaz11_SurveySummary.xlsx,C_2011Summary.pdf,"Extracted from page 9, form 1",No role data available
2011-11-24,C,31440.0,31450.0,Shawn,Georgia | Shawn | Jodie,Georgia | Shawn | Jodie,,,,Jodie,Kaz11_SurveySummary.xlsx,C_2011Summary.pdf,"Extracted from page 9, form 2",No role data available
2011-11-29,B,22600.0,22613.0,AS,,,,,,,Kaz11_SurveySummary.xlsx,,,MISSING: Walkers | No role data available
